{
  "timestamp": "2025-11-03T10:44:43.593683",
  "num_iterations": 5,
  "benchmarks": [
    {
      "query_name": "\u8d44\u4ea7\u5217\u8868\u67e5\u8be2",
      "times": [
        0.0010004043579101562,
        0.0,
        0.0,
        0.0,
        0.0
      ],
      "avg": 0.00020008087158203126,
      "min": 0.0,
      "max": 0.0010004043579101562,
      "std_dev": 0.0004473944298548278
    },
    {
      "query_name": "\u51fa\u79df\u7387\u7edf\u8ba1",
      "times": [
        0.0,
        0.0,
        0.0,
        0.0,
        0.0
      ],
      "avg": 0.0,
      "min": 0.0,
      "max": 0.0,
      "std_dev": 0.0
    },
    {
      "query_name": "\u8d22\u52a1\u6c47\u603b",
      "times": [
        0.0,
        0.0010020732879638672,
        0.0,
        0.0,
        0.0
      ],
      "avg": 0.00020041465759277344,
      "min": 0.0,
      "max": 0.0010020732879638672,
      "std_dev": 0.0004481407980647858
    }
  ]
}