{
  "timestamp": "2025-11-03T09:54:00.014522",
  "num_iterations": 5,
  "benchmarks": [
    {
      "query_name": "\u8d44\u4ea7\u5217\u8868\u67e5\u8be2",
      "times": [
        0.0009996891021728516,
        0.0,
        0.0,
        0.0,
        0.0
      ],
      "avg": 0.00019993782043457032,
      "min": 0.0,
      "max": 0.0009996891021728516,
      "std_dev": 0.00044707455776484575
    },
    {
      "query_name": "\u51fa\u79df\u7387\u7edf\u8ba1",
      "times": [
        0.0,
        0.0,
        0.0,
        0.0,
        0.0
      ],
      "avg": 0.0,
      "min": 0.0,
      "max": 0.0,
      "std_dev": 0.0
    },
    {
      "query_name": "\u8d22\u52a1\u6c47\u603b",
      "times": [
        0.0,
        0.0010006427764892578,
        8.797645568847656e-05,
        0.0,
        0.0
      ],
      "avg": 0.00021772384643554689,
      "min": 0.0,
      "max": 0.0010006427764892578,
      "std_dev": 0.00043931977429948144
    }
  ]
}